{"/mnt/usershare/zrq/pytorch/lab/model/zhangruiqi/ytb_vid/nohem.lessrangeytbb.lamb/data/models/siamrpn_45.pth": {"Basketball": 0.6963546798029557, "Biker": 0.7079141515761235, "Bird1": 0.2160364145658264, "Bird2": 0.506012506012506, "BlurBody": 0.7620473339036212, "BlurCar1": 0.7795533307662688, "BlurCar2": 0.7861619861619861, "BlurCar3": 0.7022809123649458, "BlurCar4": 0.8192982456140351, "BlurFace": 0.5685308606201102, "BlurOwl": 0.7428873292581691, "Board": 0.04420794105607859, "Bolt": 0.7001360544217686, "Bolt2": 0.6239232894522997, "Box": 0.4451827242524916, "Boy": 0.7740863787375415, "Car1": 0.5107843137254903, "Car2": 0.6650498096281228, "Car24": 0.742057005868709, "Car4": 0.8330804248861912, "CarDark": 0.3095843935538593, "CarScale": 0.6653439153439153, "ClifBar": 0.30417675544794187, "Coke": 0.6547209949271805, "Couple": 0.7374149659863947, "Coupon": 0.31702344546381245, "Crossing": 0.6924603174603174, "Crowds": 0.7210100178399892, "Dancer": 0.7578835978835979, "Dancer2": 0.7619047619047619, "David": 0.5122838944494996, "David2": 0.639620466436109, "David3": 0.72713529856387, "Deer": 0.5439302481556003, "Diving": 0.5158361018826135, "Dog": 0.5020622422197225, "Dog1": 0.8177425044091711, "Doll": 0.7083210350255804, "DragonBaby": 0.6843657817109143, "Dudek": 0.8194635059263882, "FaceOcc1": 0.5980140935297887, "FaceOcc2": 0.6758737977949801, "Fish": 0.8353341336534614, "FleetFace": 0.6255809254394828, "Football": 0.23401736385161795, "Football1": 0.6003861003861004, "Freeman1": 0.7223196026877008, "Freeman3": 0.8019668737060041, "Freeman4": 0.6538785125357564, "Girl": 0.7451428571428571, "Girl2": 0.5224444444444446, "Gym": 0.5204569441857577, "Human2": 0.7111195542046606, "Human3": 0.014835380559762187, "Human4-2": 0.35603626758049545, "Human5": 0.7815401055232754, "Human6": 0.7447089947089948, "Human7": 0.7860952380952381, "Human8": 0.6875, "Human9": 0.677751756440281, "Ironman": 0.43086632243258743, "Jogging-1": 0.6544129052272375, "Jogging-2": 0.7812936249418333, "Jump": 0.39032006245121015, "Jumping": 0.037425832952989506, "KiteSurf": 0.6785714285714286, "Lemming": 0.6901910464784716, "Liquor": 0.409671507890922, "Man": 0.8020611229566453, "Matrix": 0.3790476190476191, "Mhyang": 0.7369127516778524, "MotorRolling": 0.6295005807200929, "MountainBike": 0.7174185463659148, "Panda": 0.609095238095238, "RedTeam": 0.6698445801678334, "Rubik": 0.35007272813982876, "Shaking": 0.7943900848010437, "Singer1": 0.774657441324108, "Singer2": 0.6252927400468384, "Skater": 0.7148809523809524, "Skater2": 0.6689655172413792, "Skating1": 0.2480952380952381, "Skating2-1": 0.3965569314406523, "Skating2-2": 0.5163596093828652, "Skiing": 0.5138154027042914, "Soccer": 0.2800048590864917, "Subway": 0.1893877551020408, "Surfer": 0.7339159067882473, "Suv": 0.655479969765684, "Sylvester": 0.7007611966719773, "Tiger1": 0.44712784827398006, "Tiger2": 0.46431833007175477, "Toy": 0.5157265858372869, "Trans": 0.6463133640552995, "Trellis": 0.6814796217256673, "Twinnings": 0.4692292171105729, "Vase": 0.30890880337374804, "Walking": 0.7086222838650023, "Walking2": 0.314952380952381, "Woman": 0.6744835287548857, "all_video": 0.5932330435070724}, "/mnt/usershare/zrq/pytorch/lab/model/zhangruiqi/ytb_vid/nohem.lessrangeytbb.lamb/data/models/siamrpn_46.pth": {"Basketball": 0.6911001642036124, "Biker": 0.7048960429242119, "Bird1": 0.21521942110177408, "Bird2": 0.4785954785954786, "BlurBody": 0.7656116338751069, "BlurCar1": 0.7670388910281093, "BlurCar2": 0.7875457875457874, "BlurCar3": 0.7026810724289715, "BlurCar4": 0.8206766917293232, "BlurFace": 0.5722012943108277, "BlurOwl": 0.743943853294091, "Board": 0.04222949924955656, "Bolt": 0.6940136054421769, "Bolt2": 0.6208353648626687, "Box": 0.29773184036749933, "Boy": 0.7753520012656225, "Car1": 0.5105975723622782, "Car2": 0.6676054868825952, "Car24": 0.7464157287629011, "Car4": 0.8333694631114964, "CarDark": 0.3380588876772083, "CarScale": 0.667989417989418, "ClifBar": 0.14255447941888622, "Coke": 0.6555391916216659, "Couple": 0.7302721088435374, "Coupon": 0.31542158147662736, "Crossing": 0.6996031746031746, "Crowds": 0.7195004803073968, "Dancer": 0.7580952380952382, "Dancer2": 0.7552380952380953, "David": 0.5152158527954707, "David2": 0.6419260441606811, "David3": 0.7252456538170825, "Deer": 0.5446009389671362, "Diving": 0.5339977851605758, "Dog": 0.5043119610048743, "Dog1": 0.8158024691358025, "Doll": 0.7166961826052735, "DragonBaby": 0.3080488832701223, "Dudek": 0.8212934081929715, "FaceOcc1": 0.5890988682468504, "FaceOcc2": 0.6773985456251466, "Fish": 0.8204281712685075, "FleetFace": 0.6193170337441908, "Football": 0.23441199684293612, "Football1": 0.6074646074646074, "Freeman1": 0.7246567338591878, "Freeman3": 0.8024844720496893, "Freeman4": 0.6582534073700151, "Girl": 0.7447619047619047, "Girl2": 0.519968253968254, "Gym": 0.5236232693859814, "Human2": 0.7096842283012496, "Human3": 0.014695159571484661, "Human4-2": 0.361247947454844, "Human5": 0.7801375809790956, "Human6": 0.7462121212121213, "Human7": 0.7849523809523811, "Human8": 0.6852678571428571, "Human9": 0.6761904761904761, "Ironman": 0.46069994262765346, "Jogging-1": 0.6544129052272374, "Jogging-2": 0.7820691794633161, "Jump": 0.15456674473067913, "Jumping": 0.03727369542066028, "KiteSurf": 0.675170068027211, "Lemming": 0.6932919874536642, "Liquor": 0.3855474412625476, "Man": 0.8020611229566453, "Matrix": 0.3857142857142856, "Mhyang": 0.7496963886225632, "MotorRolling": 0.6254355400696865, "MountainBike": 0.7126148705096073, "Panda": 0.6022857142857143, "RedTeam": 0.6683301057649336, "Rubik": 0.4137635023964518, "Shaking": 0.7942596216568819, "Singer1": 0.7643467643467643, "Singer2": 0.6186572989851677, "Skater": 0.7145833333333333, "Skater2": 0.6696223316912973, "Skating1": 0.23702380952380953, "Skating2-1": 0.39716097855632737, "Skating2-2": 0.5163596093828653, "Skiing": 0.5167548500881832, "Soccer": 0.2898445092322643, "Subway": 0.1896598639455782, "Surfer": 0.7358156028368794, "Suv": 0.6326026706979089, "Sylvester": 0.6824570720481501, "Tiger1": 0.443170964660936, "Tiger2": 0.460665362035225, "Toy": 0.5136179933227903, "Trans": 0.6470814132104455, "Trellis": 0.680140597539543, "Twinnings": 0.4167675544794188, "Vase": 0.32191179054647695, "Walking": 0.7111650485436893, "Walking2": 0.31438095238095237, "Woman": 0.67392518146287, "all_video": 0.5837223641315772}, "/mnt/usershare/zrq/pytorch/lab/model/zhangruiqi/ytb_vid/nohem.lessrangeytbb.lamb/data/models/siamrpn_47.pth": {"Basketball": 0.44545155993431845, "Biker": 0.6968477531857813, "Bird1": 0.21953781512605047, "Bird2": 0.48051948051948057, "BlurBody": 0.7587681779298545, "BlurCar1": 0.7800025670645616, "BlurCar2": 0.7892551892551891, "BlurCar3": 0.7018807523009203, "BlurCar4": 0.819047619047619, "BlurFace": 0.5783830773688786, "BlurOwl": 0.7454531733454078, "Board": 0.0666530222404148, "Bolt": 0.6940136054421769, "Bolt2": 0.6174223955793922, "Box": 0.4412862474877979, "Boy": 0.7717924379053946, "Car1": 0.507843137254902, "Car2": 0.6647890262348094, "Car24": 0.4551907719609583, "Car4": 0.8345256160127176, "CarDark": 0.3380588876772083, "CarScale": 0.6660997732426304, "ClifBar": 0.26462873284907185, "Coke": 0.6594665357551955, "Couple": 0.7350340136054422, "Coupon": 0.3062472695500218, "Crossing": 0.6865079365079365, "Crowds": 0.7171675586661178, "Dancer": 0.7602116402116402, "Dancer2": 0.7612698412698412, "David": 0.5167323829744211, "David2": 0.6473352842067926, "David3": 0.726379440665155, "Deer": 0.5439302481556003, "Diving": 0.5187153931339977, "Dog": 0.5129358830146232, "Dog1": 0.8165079365079366, "Doll": 0.6865161353797717, "DragonBaby": 0.6978508217446271, "Dudek": 0.8165938864628822, "FaceOcc1": 0.5875507153534061, "FaceOcc2": 0.6737626084916725, "Fish": 0.8329331732693079, "FleetFace": 0.6132552030713275, "Football": 0.2273086029992107, "Football1": 0.5817245817245817, "Freeman1": 0.7205667543090856, "Freeman3": 0.8010351966873704, "Freeman4": 0.6533737169779572, "Girl": 0.7458095238095238,